{"proxies":{"co.uk.devpulse.adobemarketingcloud.AdobeMarketingCloudEnumHelperProxy":{"superPackageName":"org.appcelerator.kroll","superProxyBindingClassName":"org.appcelerator.kroll.KrollProxyBindingGen","proxyClassName":"AdobeMarketingCloudEnumHelperProxy","proxyAttrs":{"propertyAccessors":[],"fullAPIName":"AdobeMarketingCloud.AdobeMarketingCloudEnumHelper","name":"AdobeMarketingCloudEnumHelper","proxyClassName":"co.uk.devpulse.adobemarketingcloud.AdobeMarketingCloudEnumHelperProxy","isTopLevel":false,"id":"co.uk.devpulse.adobemarketingcloud.AdobeMarketingCloudEnumHelperProxy","creatableInModule":"co.uk.devpulse.adobemarketingcloud.AdobeMarketingCloudModule","parentModule":"org.appcelerator.kroll.annotations.Kroll.DEFAULT"},"packageName":"co.uk.devpulse.adobemarketingcloud","sourceName":"co.uk.devpulse.adobemarketingcloud.AdobeMarketingCloudEnumHelperProxyBindingGen","constants":{"NETWORK":{"proxyName":"NETWORK","name":"NETWORK","type":"java.lang.String","value":"a.media.network"},"SERIES":{"proxyName":"SERIES","name":"SERIES","type":"java.lang.String","value":"a.media.season"},"EPISODE":{"proxyName":"EPISODE","name":"EPISODE","type":"java.lang.String","value":"a.media.episode"},"GENRE":{"proxyName":"GENRE","name":"GENRE","type":"java.lang.String","value":"a.media.genre"},"SHOW":{"proxyName":"SHOW","name":"SHOW","type":"java.lang.String","value":"a.media.show"},"ASSET_ID":{"proxyName":"ASSET_ID","name":"ASSET_ID","type":"java.lang.String","value":"a.media.asset"}},"superProxyClassName":"KrollProxy","isModule":false,"genClassName":"AdobeMarketingCloudEnumHelperProxyBindingGen"},"co.uk.devpulse.adobemarketingcloud.ExampleProxy":{"superPackageName":"org.appcelerator.titanium.proxy","methods":{"printMessage":{"runOnUiThread":false,"hasInvocation":false,"args":[{"converter":"org.appcelerator.kroll.KrollConverter","defaultValueProvider":"org.appcelerator.kroll.KrollConverter","name":"message","sourceName":"message","type":"java.lang.String"}],"apiName":"printMessage","converter":"org.appcelerator.kroll.KrollConverter","defaultValueProvider":"org.appcelerator.kroll.KrollConverter","name":"__default_name__","returnType":"void"},"getMessage":{"runOnUiThread":false,"hasInvocation":false,"args":[],"apiName":"getMessage","converter":"org.appcelerator.kroll.KrollConverter","defaultValueProvider":"org.appcelerator.kroll.KrollConverter","name":"__default_name__","returnType":"java.lang.String"},"setMessage":{"runOnUiThread":false,"hasInvocation":false,"args":[{"converter":"org.appcelerator.kroll.KrollConverter","defaultValueProvider":"org.appcelerator.kroll.KrollConverter","name":"message","sourceName":"message","type":"java.lang.String"}],"apiName":"setMessage","converter":"org.appcelerator.kroll.KrollConverter","defaultValueProvider":"org.appcelerator.kroll.KrollConverter","name":"__default_name__","returnType":"void"}},"dynamicProperties":{"message":{"set":true,"nativeConverter":"org.appcelerator.kroll.KrollConverter","getMethodName":"getMessage","setMethodName":"setMessage","setMethodArgs":[{"converter":"org.appcelerator.kroll.KrollConverter","defaultValueProvider":"org.appcelerator.kroll.KrollConverter","name":"message","sourceName":"message","type":"java.lang.String"}],"setDefaultProviders":["org.appcelerator.kroll.KrollConverter"],"converter":"org.appcelerator.kroll.KrollConverter","defaultValueProvider":"org.appcelerator.kroll.KrollConverter","retain":true,"javascriptConverter":"org.appcelerator.kroll.KrollConverter","getHasInvocation":false,"runOnUiThread":false,"getMethodArgs":[],"getReturnType":"java.lang.String","setReturnType":"void","get":true,"name":"message","setHasInvocation":false,"getDefaultProviders":[]}},"superProxyBindingClassName":"org.appcelerator.titanium.proxy.TiViewProxyBindingGen","proxyClassName":"ExampleProxy","proxyAttrs":{"propertyAccessors":[],"fullAPIName":"AdobeMarketingCloud.Example","name":"Example","proxyClassName":"co.uk.devpulse.adobemarketingcloud.ExampleProxy","isTopLevel":false,"id":"co.uk.devpulse.adobemarketingcloud.ExampleProxy","creatableInModule":"co.uk.devpulse.adobemarketingcloud.AdobeMarketingCloudModule","parentModule":"org.appcelerator.kroll.annotations.Kroll.DEFAULT"},"packageName":"co.uk.devpulse.adobemarketingcloud","sourceName":"co.uk.devpulse.adobemarketingcloud.ExampleProxyBindingGen","superProxyClassName":"TiViewProxy","isModule":false,"genClassName":"ExampleProxyBindingGen"},"co.uk.devpulse.adobemarketingcloud.MediaHeartbeatProxy":{"superPackageName":"org.appcelerator.kroll","methods":{"trackSessionStart":{"runOnUiThread":false,"hasInvocation":false,"args":[{"converter":"org.appcelerator.kroll.KrollConverter","defaultValueProvider":"org.appcelerator.kroll.KrollConverter","name":"args","sourceName":"args","type":"org.appcelerator.kroll.KrollDict"}],"apiName":"trackSessionStart","converter":"org.appcelerator.kroll.KrollConverter","defaultValueProvider":"org.appcelerator.kroll.KrollConverter","name":"__default_name__","returnType":"void"},"onError":{"runOnUiThread":false,"hasInvocation":false,"args":[{"converter":"org.appcelerator.kroll.KrollConverter","defaultValueProvider":"org.appcelerator.kroll.KrollConverter","name":"args","sourceName":"args","type":"java.lang.String"}],"apiName":"onError","converter":"org.appcelerator.kroll.KrollConverter","defaultValueProvider":"org.appcelerator.kroll.KrollConverter","name":"__default_name__","returnType":"void"},"setVideoProgress":{"runOnUiThread":false,"hasInvocation":false,"args":[{"converter":"org.appcelerator.kroll.KrollConverter","defaultValueProvider":"org.appcelerator.kroll.KrollConverter","name":"value","sourceName":"value","type":"java.lang.Object"}],"apiName":"setVideoProgress","converter":"org.appcelerator.kroll.KrollConverter","defaultValueProvider":"org.appcelerator.kroll.KrollConverter","name":"__default_name__","returnType":"void"},"onComplete":{"runOnUiThread":false,"hasInvocation":false,"args":[],"apiName":"onComplete","converter":"org.appcelerator.kroll.KrollConverter","defaultValueProvider":"org.appcelerator.kroll.KrollConverter","name":"__default_name__","returnType":"void"},"onAdBreakStart":{"runOnUiThread":false,"hasInvocation":false,"args":[{"converter":"org.appcelerator.kroll.KrollConverter","defaultValueProvider":"org.appcelerator.kroll.KrollConverter","name":"args","sourceName":"args","type":"org.appcelerator.kroll.KrollDict"}],"apiName":"onAdBreakStart","converter":"org.appcelerator.kroll.KrollConverter","defaultValueProvider":"org.appcelerator.kroll.KrollConverter","name":"__default_name__","returnType":"void"},"onPlay":{"runOnUiThread":false,"hasInvocation":false,"args":[],"apiName":"onPlay","converter":"org.appcelerator.kroll.KrollConverter","defaultValueProvider":"org.appcelerator.kroll.KrollConverter","name":"__default_name__","returnType":"void"},"onSeekComplete":{"runOnUiThread":false,"hasInvocation":false,"args":[],"apiName":"onSeekComplete","converter":"org.appcelerator.kroll.KrollConverter","defaultValueProvider":"org.appcelerator.kroll.KrollConverter","name":"__default_name__","returnType":"void"},"trackSessionEnd":{"runOnUiThread":false,"hasInvocation":false,"args":[],"apiName":"trackSessionEnd","converter":"org.appcelerator.kroll.KrollConverter","defaultValueProvider":"org.appcelerator.kroll.KrollConverter","name":"__default_name__","returnType":"void"},"onAdStart":{"runOnUiThread":false,"hasInvocation":false,"args":[{"converter":"org.appcelerator.kroll.KrollConverter","defaultValueProvider":"org.appcelerator.kroll.KrollConverter","name":"args","sourceName":"args","type":"org.appcelerator.kroll.KrollDict"}],"apiName":"onAdStart","converter":"org.appcelerator.kroll.KrollConverter","defaultValueProvider":"org.appcelerator.kroll.KrollConverter","name":"__default_name__","returnType":"void"},"onAdBreakComplete":{"runOnUiThread":false,"hasInvocation":false,"args":[],"apiName":"onAdBreakComplete","converter":"org.appcelerator.kroll.KrollConverter","defaultValueProvider":"org.appcelerator.kroll.KrollConverter","name":"__default_name__","returnType":"void"},"onAdComplete":{"runOnUiThread":false,"hasInvocation":false,"args":[],"apiName":"onAdComplete","converter":"org.appcelerator.kroll.KrollConverter","defaultValueProvider":"org.appcelerator.kroll.KrollConverter","name":"__default_name__","returnType":"void"},"onSeekStart":{"runOnUiThread":false,"hasInvocation":false,"args":[],"apiName":"onSeekStart","converter":"org.appcelerator.kroll.KrollConverter","defaultValueProvider":"org.appcelerator.kroll.KrollConverter","name":"__default_name__","returnType":"void"},"onStop":{"runOnUiThread":false,"hasInvocation":false,"args":[],"apiName":"onStop","converter":"org.appcelerator.kroll.KrollConverter","defaultValueProvider":"org.appcelerator.kroll.KrollConverter","name":"__default_name__","returnType":"void"}},"dynamicProperties":{"videoProgress":{"set":true,"nativeConverter":"org.appcelerator.kroll.KrollConverter","setMethodName":"setVideoProgress","setMethodArgs":[{"converter":"org.appcelerator.kroll.KrollConverter","defaultValueProvider":"org.appcelerator.kroll.KrollConverter","name":"value","sourceName":"value","type":"java.lang.Object"}],"setDefaultProviders":["org.appcelerator.kroll.KrollConverter"],"converter":"org.appcelerator.kroll.KrollConverter","defaultValueProvider":"org.appcelerator.kroll.KrollConverter","retain":true,"javascriptConverter":"org.appcelerator.kroll.KrollConverter","getHasInvocation":false,"runOnUiThread":false,"setReturnType":"void","get":false,"name":"videoProgress","setHasInvocation":false}},"superProxyBindingClassName":"org.appcelerator.kroll.KrollProxyBindingGen","proxyClassName":"MediaHeartbeatProxy","proxyAttrs":{"propertyAccessors":[],"fullAPIName":"AdobeMarketingCloud.MediaHeartbeat","name":"MediaHeartbeat","proxyClassName":"co.uk.devpulse.adobemarketingcloud.MediaHeartbeatProxy","isTopLevel":false,"id":"co.uk.devpulse.adobemarketingcloud.MediaHeartbeatProxy","creatableInModule":"co.uk.devpulse.adobemarketingcloud.AdobeMarketingCloudModule","parentModule":"org.appcelerator.kroll.annotations.Kroll.DEFAULT"},"packageName":"co.uk.devpulse.adobemarketingcloud","sourceName":"co.uk.devpulse.adobemarketingcloud.MediaHeartbeatProxyBindingGen","superProxyClassName":"KrollProxy","isModule":false,"genClassName":"MediaHeartbeatProxyBindingGen"},"co.uk.devpulse.adobemarketingcloud.AdobeMarketingCloudModule":{"superPackageName":"org.appcelerator.kroll","dynamicProperties":{"keys":{"set":false,"nativeConverter":"org.appcelerator.kroll.KrollConverter","getMethodName":"getKeys","converter":"org.appcelerator.kroll.KrollConverter","defaultValueProvider":"org.appcelerator.kroll.KrollConverter","javascriptConverter":"org.appcelerator.kroll.KrollConverter","getHasInvocation":false,"runOnUiThread":false,"getMethodArgs":[],"getReturnType":"co.uk.devpulse.adobemarketingcloud.AdobeMarketingCloudEnumHelperProxy","get":true,"name":"keys","setHasInvocation":false,"getDefaultProviders":[]}},"methods":{"trackAction":{"runOnUiThread":false,"hasInvocation":false,"args":[{"converter":"org.appcelerator.kroll.KrollConverter","defaultValueProvider":"org.appcelerator.kroll.KrollConverter","name":"args","sourceName":"args","type":"org.appcelerator.kroll.KrollDict"}],"apiName":"trackAction","converter":"org.appcelerator.kroll.KrollConverter","defaultValueProvider":"org.appcelerator.kroll.KrollConverter","name":"__default_name__","returnType":"void"},"getKeys":{"runOnUiThread":false,"hasInvocation":false,"args":[],"apiName":"getKeys","converter":"org.appcelerator.kroll.KrollConverter","defaultValueProvider":"org.appcelerator.kroll.KrollConverter","name":"__default_name__","returnType":"co.uk.devpulse.adobemarketingcloud.AdobeMarketingCloudEnumHelperProxy"},"getVisitorMarketingCloudID":{"runOnUiThread":false,"hasInvocation":false,"args":[{"converter":"org.appcelerator.kroll.KrollConverter","defaultValueProvider":"org.appcelerator.kroll.KrollConverter","name":"callback","sourceName":"callback","type":"org.appcelerator.kroll.KrollFunction"}],"apiName":"getVisitorMarketingCloudID","converter":"org.appcelerator.kroll.KrollConverter","defaultValueProvider":"org.appcelerator.kroll.KrollConverter","name":"__default_name__","returnType":"void"},"initialise":{"runOnUiThread":false,"hasInvocation":false,"args":[{"converter":"org.appcelerator.kroll.KrollConverter","defaultValueProvider":"org.appcelerator.kroll.KrollConverter","name":"args","sourceName":"args","type":"org.appcelerator.kroll.KrollDict"}],"apiName":"initialise","converter":"org.appcelerator.kroll.KrollConverter","defaultValueProvider":"org.appcelerator.kroll.KrollConverter","name":"__default_name__","returnType":"void"},"trackState":{"runOnUiThread":false,"hasInvocation":false,"args":[{"converter":"org.appcelerator.kroll.KrollConverter","defaultValueProvider":"org.appcelerator.kroll.KrollConverter","name":"args","sourceName":"args","type":"org.appcelerator.kroll.KrollDict"}],"apiName":"trackState","converter":"org.appcelerator.kroll.KrollConverter","defaultValueProvider":"org.appcelerator.kroll.KrollConverter","name":"__default_name__","returnType":"void"}},"superProxyBindingClassName":"org.appcelerator.kroll.KrollModuleBindingGen","proxyClassName":"AdobeMarketingCloudModule","proxyAttrs":{"propertyAccessors":[],"fullAPIName":"AdobeMarketingCloud","name":"AdobeMarketingCloud","proxyClassName":"co.uk.devpulse.adobemarketingcloud.AdobeMarketingCloudModule","isTopLevel":false,"id":"co.uk.devpulse.adobemarketingcloud"},"packageName":"co.uk.devpulse.adobemarketingcloud","sourceName":"co.uk.devpulse.adobemarketingcloud.AdobeMarketingCloudModuleBindingGen","superProxyClassName":"KrollModule","isModule":true,"genClassName":"AdobeMarketingCloudModuleBindingGen","onAppCreate":"onAppCreate"}},"modules":{"co.uk.devpulse.adobemarketingcloud.AdobeMarketingCloudModule":{"apiName":"AdobeMarketingCloud","createProxies":[{"propertyAccessors":[],"fullAPIName":"AdobeMarketingCloud.MediaHeartbeat","name":"MediaHeartbeat","proxyClassName":"co.uk.devpulse.adobemarketingcloud.MediaHeartbeatProxy","isTopLevel":false,"id":"co.uk.devpulse.adobemarketingcloud.MediaHeartbeatProxy","creatableInModule":"co.uk.devpulse.adobemarketingcloud.AdobeMarketingCloudModule","parentModule":"org.appcelerator.kroll.annotations.Kroll.DEFAULT"},{"propertyAccessors":[],"fullAPIName":"AdobeMarketingCloud.AdobeMarketingCloudEnumHelper","name":"AdobeMarketingCloudEnumHelper","proxyClassName":"co.uk.devpulse.adobemarketingcloud.AdobeMarketingCloudEnumHelperProxy","isTopLevel":false,"id":"co.uk.devpulse.adobemarketingcloud.AdobeMarketingCloudEnumHelperProxy","creatableInModule":"co.uk.devpulse.adobemarketingcloud.AdobeMarketingCloudModule","parentModule":"org.appcelerator.kroll.annotations.Kroll.DEFAULT"},{"propertyAccessors":[],"fullAPIName":"AdobeMarketingCloud.Example","name":"Example","proxyClassName":"co.uk.devpulse.adobemarketingcloud.ExampleProxy","isTopLevel":false,"id":"co.uk.devpulse.adobemarketingcloud.ExampleProxy","creatableInModule":"co.uk.devpulse.adobemarketingcloud.AdobeMarketingCloudModule","parentModule":"org.appcelerator.kroll.annotations.Kroll.DEFAULT"}]}}}